
Roll Number           Name                   Email                               Phone Number  
==============================================================================================
2208			            harish		             harishkarak47627@gmail.com	         9676960561
2209                  M.SURESH               muppinisettisuresh331@gmail.com     9346393161
2214			            dhanwantarig		       dhanwantariprabhu@gmai.com	         9491997237
2253		              Ramana Reddy.Peram	   ramanareddy427437@gmail.com	       7893017388
2202	                T.P.V.S.PRAVEENKUMAR	 kumarpraveent1998                   7995679775
2221			            KOTIREDDY BADAM		     koti1258@gmail.com	                 9030788950
2218                  D.V.V RAMANA           dvv.ramana666@gmail.com             8464922446
2216			            Bhargav		             brgvrm@gmail.com		                 7993957588
2249                  K.NARAYANA RAO         koppulanarayanarao@gmail.com        9550000983  
2226                  J.srinivas goud        srinivasgoudjana177@gmail.com       9121706766
2242			            k.nani kumar		       knanikumar777@gmail.com	           8501832818
2233	                Anush kumar	           anush.podugu@gamil.com	             9966601608
2237		              kallepu shekar reddy	 kallepushekareddy@fmail.com         9000235348
2229	                BINGI SHIVA SANTHOSH	 bingishivasanthosh@gmail.com	       7095028280
2220			            satish		             satishins20@gmail.com	             7893087359  
2251			            manikanta denduluri	   saidurgamanikantadsp143@gmail.com	 8500014393
2215		              JPAVAN KUMAR GANUGULA	 varains2215_jeji@outlook.com	       8200991038
2205                  adimohan               adimohanreddy9@gmail.com            800840576
2230			            pavandasari	           varains2230_nisc@outlook.com	       9912738098
2241			            Prakash.N	             prakashnowdu1433@gmail.com	         7799692710		
2223			            vamsi mattaparthi      vamsi62638@gmail.com                7993957711
2236                  raju madarapu		       varains2236_raju@outlook.com        8187000637
2213		              kumar ganesh		       varains2213_ganesh@outlook.com	     8688090076
2211  	              kedar                  mannekedar.gmail.com                9502279579 
2234                  Sri Harsha             sriharshabandla123@gmail.com        8332825135
2246	                chandrasekhar	         varains2246_chandus@outlook.com	   9492888708
2217                  nagukorumilli          nagukorumilli456@gmail.com          9390480014
2212			            CH.VENKATESH           venkatchinna345@gmail.com           8885733348
2219			            VARA PRASAD K	         myemailiduknow@gmail.com	           9848984596	
2231	 		            shiva naidu	           shivajajula06@gmail.com             8688889086
2245	                Eeda.Vijay Kumar       eedavijaykumar9848@gmail.com        9848973121
2239	                NAGA RAJESH KONDAPALLI varains2239_surya@outlook.com	     8466059846
2240                 	Ashokkumar vaddemgunta ashokvaddemgunta@gmail.com	         9515410019	
2222	                bobby	                 prakkisatya@gmail.com		           9133555511
2243	                nagarjuna kamireddy 	 nagakamireddy82@gmail.com	         9052413541
2250	                Attili SrihariSanthosh santhosh.shmk@gmail.com 	           8500042402
2235			            G Rambabu	             varains2235_rambo1@outlook.com	     8187814267
2238			            Naresh 			           santha3f3@gmail.com	               6300052295
2206			            chakri	               chakri21m@gmail.com		             9493673516
2248			            nagababu	             nagababukatikala234@gmail.com	     6303871448
2207			            sudhkar	               sudhakarkuruva63@gmail.com          9666270243
2210                  balu                   muppinisettid@gmail.com             9642185514
2247		              Guntreddysaikumar      saikumarguntreddy@gmail.com	       8099311064
2252                  K.DINESH VARMA         unix.dineshvarma@gmail.com          8341997476
2203	                nagarjunareddy badam	 zeromass.naga@gamil.com		         7780397944
2232		              k.Satya Surya Akash	   satyam.nag@gmail.com		             9642966777
2244                  k tanuj                thanujkatta@gmail.com               9441149678 
